name,label
006XHLXETW.wav,aloe
00JDI5WTK2.wav,ice-cream
00WE5TE8QJ.wav,ribs
00YSDJYOSQ.wav,chocolate
012HHAEN7L.wav,cabbage
01MI525N55.wav,ice-cream
02ILGH1O3Q.wav,ice-cream
02R04WMUW7.wav,candied_fruits
02S6T99TES.wav,soup
03T9L602SM.wav,jelly
04DDYBJ6CZ.wav,ice-cream
04TFIYDJLC.wav,grapes
04U4JIY9J8.wav,ribs
057FONBRVZ.wav,pizza
05IORRIH8F.wav,grapes
05PL5FFZKK.wav,soup
05RESXXKNX.wav,gummies
065IZ9JT9L.wav,cabbage
06LH0RLIUV.wav,ribs
078AIEU236.wav,pizza
07KEF7Z5BA.wav,candied_fruits
07VYY341ZD.wav,wings
082NXIWDT9.wav,gummies
098UNZFZQV.wav,burger
0AZ3Q4D62W.wav,ice-cream
0BZO5I430X.wav,pickles
0DXLQXAVJ9.wav,chocolate
0FPI7F6QXF.wav,carrots
0H29J9MNYA.wav,salmon
0HIA77SUVB.wav,candied_fruits
0J1NZQKMSC.wav,jelly
0KDQ5O2T56.wav,ice-cream
0KUYCQGV1U.wav,candied_fruits
0L16K3B56I.wav,aloe
0LQA7BC0DD.wav,carrots
0M1QLC1AMK.wav,candied_fruits
0MWWQY9MXT.wav,gummies
0NA55Z7W1B.wav,candied_fruits
0O1HARW0NG.wav,fries
0O1LP6ZIQS.wav,wings
0O9X2OJA0P.wav,pizza
0OAGAXY5MG.wav,grapes
0OWQT2ZFQG.wav,aloe
0OZW4D5WIR.wav,pickles
0Q131XNUEO.wav,aloe
0QVD0QJL1E.wav,fries
0RNK2G1Y2K.wav,ribs
0SBGC3U5EM.wav,aloe
0T3E987X9N.wav,jelly
0U6WL7Y3UZ.wav,carrots
0V9HZ158CR.wav,soup
0VCG02GSVP.wav,carrots
0VRXBIXQCL.wav,wings
0XJWM37FH9.wav,burger
0YFZGWWV3A.wav,wings
0ZNV9E45MN.wav,wings
0ZSA2XXXJV.wav,chocolate
0ZWHL3JC4F.wav,cabbage
1016YTAC60.wav,grapes
10HT0LL2PI.wav,soup
1207Z5GYDZ.wav,candied_fruits
12496SBWRY.wav,fries
13K3VXP2BI.wav,pickles
13MPC0D92O.wav,grapes
13YZ63RS9H.wav,chips
15J5VMKOM5.wav,wings
15JPP5DYP5.wav,noodles
169VXWKQKI.wav,salmon
170QLATLR2.wav,pickles
17HOB9BQ9M.wav,gummies
17I4C79J86.wav,soup
19ZDFP74LX.wav,carrots
1A51ABDQFM.wav,fries
1AD9CBDK61.wav,carrots
1AF0YNDLE2.wav,ribs
1BU7Q139YA.wav,grapes
1BU89D7TOB.wav,candied_fruits
1CDZ9X1MZY.wav,gummies
1CGVPMLPCR.wav,candied_fruits
1CS51BYGV9.wav,noodles
1CYF7ZH8T6.wav,ice-cream
1D7JQMQ35D.wav,aloe
1DO3WVUXX0.wav,cabbage
1DXYNEBZO8.wav,chocolate
1EZMKZCGHC.wav,aloe
1EZWVC7VAU.wav,wings
1F82RSAG5R.wav,ribs
1FRSW227SE.wav,candied_fruits
1FRWP2AW3J.wav,drinks
1FTXZM1WKD.wav,ice-cream
1GAT61KKJH.wav,chips
1HOR2EEXP2.wav,salmon
1HQUGSQAVQ.wav,pickles
1HX26KM2TS.wav,pizza
1I7C00MLPE.wav,chips
1IGA4NYSX6.wav,cabbage
1ITQUJE5W7.wav,pizza
1J0G8KCOGG.wav,pickles
1JQ9WUCHW9.wav,wings
1KIUJ0COP8.wav,drinks
1KJS6BELB0.wav,candied_fruits
1L8F2YOQZ0.wav,carrots
1LE9G65IBD.wav,grapes
1M9JCNR1IC.wav,burger
1MO4WQNIQM.wav,ice-cream
1MOY5JPNX5.wav,burger
1N48NHCYK6.wav,pickles
1N8PIKXWTQ.wav,pizza
1NPIARI2WW.wav,fries
1O9453AN86.wav,ribs
1OD413PUCE.wav,fries
1R9FSBSIIH.wav,soup
1S0YDWN2BO.wav,ice-cream
1TL29G8V42.wav,chips
1VDXPKFKX5.wav,fries
1VLNFYX0X0.wav,burger
1WA1A9IBO9.wav,gummies
1XF7Y5SMQA.wav,salmon
1XJNCMFJHC.wav,grapes
20J2GH5B40.wav,pickles
20RW30SO6Z.wav,carrots
21TGV58KU1.wav,chips
21ZKKHJDME.wav,pickles
226LXDZAPL.wav,pizza
22XCODHCUQ.wav,burger
23968B7Z3Z.wav,salmon
23I60VY073.wav,candied_fruits
23YNJ1JSZJ.wav,pickles
24O95ZK78B.wav,noodles
266BO3OE1J.wav,jelly
26CIUE3J6Y.wav,fries
26W3LGWW75.wav,ice-cream
27XO39VGAP.wav,noodles
28E10AZMYY.wav,ribs
28IPKHT2EC.wav,gummies
28P7YWM2YD.wav,cabbage
290QN83NHE.wav,soup
296AXMP1OX.wav,chips
2999QD448M.wav,gummies
29JDX8D3GX.wav,candied_fruits
2ASC9LDM5F.wav,candied_fruits
2BR2UIVK43.wav,carrots
2C12YH0JHO.wav,aloe
2C36IKHRL4.wav,pickles
2D76G98EG1.wav,ribs
2DTKKVXIHI.wav,wings
2F8IWQIPGQ.wav,ribs
2FQ979ZOYM.wav,aloe
2G8JLTWBMS.wav,carrots
2I2269KZBM.wav,grapes
2IGJ8RAXXR.wav,gummies
2IZ5UUXDX9.wav,gummies
2JID7JBCFL.wav,cabbage
2K2VMWPUQQ.wav,chips
2KPMEQAQLK.wav,fries
2KSOQO0EMP.wav,cabbage
2M59A4AJGF.wav,fries
2MCZ8LNLW0.wav,pickles
2N0JIZQYWY.wav,wings
2N1PKKEHLJ.wav,noodles
2N3OZHD807.wav,cabbage
2N46EOJ0GU.wav,candied_fruits
2NTOG9I2EW.wav,pickles
2NVT5QML7A.wav,ice-cream
2NYFQBNW5B.wav,pickles
2O3KKHDANN.wav,gummies
2Q4ZPTIF73.wav,grapes
2QELRKMANR.wav,carrots
2QSNNE2VID.wav,aloe
2RYKQAO2HA.wav,pickles
2SFDK6807M.wav,gummies
2SLRI0G6K1.wav,salmon
2SO1FWY3BX.wav,candied_fruits
2SPU2B5DD5.wav,jelly
2TEBH5Y20K.wav,gummies
2TIUDSCABT.wav,fries
2VA4NZX4XX.wav,pickles
2VYRTYPQ5C.wav,salmon
2W2DE8NV7B.wav,fries
2WJQ0WG6YL.wav,gummies
2Y1PBFMUQM.wav,cabbage
2Y3F9JOOCP.wav,fries
2ZHPE0HEVI.wav,fries
2ZRMLC604O.wav,pizza
2ZZ889SBXY.wav,gummies
30CCO7130G.wav,ice-cream
30N7T0XVGY.wav,chocolate
31137K5N8Q.wav,fries
318YNYH2TW.wav,pickles
31DJD5QGCQ.wav,ice-cream
32SGYBH2YK.wav,ribs
32YY9NBL01.wav,pizza
34I6RGN528.wav,candied_fruits
35D5F6OLGS.wav,gummies
35QIEDKEEO.wav,ribs
37H05LWIL0.wav,fries
37Z76TTSBR.wav,cabbage
38NHCENLMC.wav,jelly
3BFL6SB64X.wav,gummies
3BX8GVSDWP.wav,carrots
3DQYDOTN2E.wav,candied_fruits
3DZMBACEL8.wav,aloe
3EJM7BW56R.wav,fries
3F2KJR8QLR.wav,chocolate
3FDNY1LRPV.wav,cabbage
3FUFREISU7.wav,ice-cream
3FXG270HPI.wav,pizza
3H5X87X2WQ.wav,pickles
3H780I4QUB.wav,salmon
3HJLOIX6R3.wav,grapes
3I2WRZSM92.wav,carrots
3IP7YZ2GGF.wav,jelly
3IS808QSY9.wav,pizza
3JENSP8Q98.wav,pickles
3JI1DBKUN3.wav,noodles
3JKZG3SA9Y.wav,grapes
3KTKWSCBLF.wav,noodles
3N9NDUFZU4.wav,jelly
3NQ11Q1N89.wav,ice-cream
3NT4YTTSAJ.wav,salmon
3O4N90RXP2.wav,pizza
3O64G216XJ.wav,pizza
3PFGOIKVJV.wav,candied_fruits
3QRY8L2OIL.wav,noodles
3R1MNT20IG.wav,candied_fruits
3R9XDCQGSZ.wav,ice-cream
3RDA5VL5KW.wav,pizza
3S4RHN50RJ.wav,ice-cream
3SFTE1NCNG.wav,chips
3SY6V31EQ9.wav,pizza
3SZ1I914VX.wav,carrots
3T166QPJ2L.wav,candied_fruits
3TBZ0U5H4H.wav,gummies
3U2ZWT94AZ.wav,wings
3UMJ0X77UN.wav,aloe
3UU0S76IDZ.wav,pizza
3V6XS4Q2HA.wav,ice-cream
3V81SO1HRN.wav,cabbage
3X3R3Q0RNX.wav,candied_fruits
3XG69TMJQT.wav,gummies
3XWLM68IIA.wav,pizza
3YW2VP4V7I.wav,chocolate
3ZP2VW0VFQ.wav,jelly
3ZQ2L2NMKG.wav,pizza
3ZXQTOXGT0.wav,grapes
3ZXX9A4Z28.wav,cabbage
40MYDUFBR7.wav,grapes
40WAWDQZJF.wav,salmon
416X0C3PAH.wav,aloe
428XMXWQKH.wav,burger
42FK5D5PKH.wav,ribs
42FKHG8X6L.wav,gummies
42G78MVZAF.wav,aloe
42Z6ZW7LP0.wav,pickles
431YMYPUOS.wav,jelly
43OJVMQNZQ.wav,pizza
44IFWNWIYF.wav,gummies
45D8IYLFNK.wav,ice-cream
46ERY9HB1Y.wav,soup
47BH9F3CAC.wav,grapes
47U713PDWL.wav,soup
491MKKQGUA.wav,soup
49EKHJCGJ6.wav,wings
4A4J5K9KLF.wav,candied_fruits
4ADGQUF41H.wav,carrots
4ASE77PJ7R.wav,ribs
4AVUTXVQCQ.wav,gummies
4B3ZN2JTIF.wav,drinks
4B926FHHLR.wav,salmon
4B9VPFUCJP.wav,aloe
4C5306VFLY.wav,candied_fruits
4C7OS0ZJCF.wav,candied_fruits
4DD4IYKRXK.wav,chocolate
4GTSZ286X3.wav,salmon
4HPM2BZBWB.wav,ribs
4ICX5AA0K2.wav,gummies
4J89PZ1KQV.wav,noodles
4JM8UDY1N9.wav,carrots
4JQ5VOU5HK.wav,gummies
4KE6ELARQX.wav,noodles
4KFY1XBRP9.wav,candied_fruits
4KHNWUF11C.wav,aloe
4LANAGLXRE.wav,ice-cream
4LGVMZ3ACY.wav,pickles
4M98NG2S7D.wav,jelly
4MHAV17WVO.wav,noodles
4MXHDROU45.wav,pickles
4NZ58DCXKF.wav,gummies
4NZXXD0ZS0.wav,fries
4P6M1871RE.wav,aloe
4P88V826BH.wav,jelly
4QC40ZFPZO.wav,aloe
4SY1JYOYZ6.wav,pickles
4T0OOCQOC3.wav,pizza
4T4XVQ6V4Z.wav,ribs
4TELMPJK4G.wav,aloe
4TTFLWFC18.wav,candied_fruits
4TXV4JQRZ0.wav,fries
4UH67NFXC3.wav,chocolate
4V8HI5XL7F.wav,wings
4W5V17SIK0.wav,grapes
4WGHDAH07H.wav,wings
4X3HNSCPBJ.wav,ice-cream
4XDQNLKUHA.wav,candied_fruits
4Y48DON9DL.wav,noodles
50SS9FHILO.wav,aloe
52D2V2HPA6.wav,ribs
52Z3GMKO7O.wav,candied_fruits
53RAGAP3EH.wav,pickles
545TC4W747.wav,pickles
546LBNKZTH.wav,jelly
54M3SCZS0O.wav,candied_fruits
54QPIZK9KB.wav,candied_fruits
55E584PS25.wav,grapes
562AWK2Y17.wav,candied_fruits
563OI1C2GS.wav,gummies
56S9GI0KXO.wav,grapes
570JZ9ENJV.wav,ice-cream
5855QN7GBV.wav,carrots
58DO03NLTT.wav,carrots
58Z6EIAYDV.wav,ribs
59FUS7D4XA.wav,aloe
5CE0E1UB0T.wav,jelly
5E037PB5OP.wav,aloe
5E0GPPB0RR.wav,grapes
5FIBDF1LYU.wav,gummies
5HC7JAO277.wav,salmon
5J3PQERJ2H.wav,pickles
5JNEE3R2ZV.wav,noodles
5JNLS80L5N.wav,salmon
5K0G9GE27Z.wav,chocolate
5KBZEYS8NJ.wav,pickles
5KMRXAL7XW.wav,fries
5KQGLTHJ55.wav,carrots
5KVSJS319W.wav,pickles
5L3LCKRRNK.wav,ice-cream
5L6IWGQXZN.wav,pizza
5M38I1RVWJ.wav,ice-cream
5MKH2VJATU.wav,ice-cream
5MVVT49ALW.wav,aloe
5O2H2OSU2U.wav,ribs
5OWBIJ2BCV.wav,noodles
5P6YG0N40Z.wav,salmon
5P7BCND1FT.wav,wings
5PGFL24MMG.wav,ribs
5R32A8QBY9.wav,grapes
5RUW5JVB9P.wav,aloe
5S6KY0RKDJ.wav,fries
5TC79NGVGZ.wav,noodles
5TIVOOTH4R.wav,gummies
5USPI247FZ.wav,aloe
5VF5B0UD13.wav,fries
5W2EV797SS.wav,jelly
5W2KYLDR6A.wav,pickles
5W6VUQKF2W.wav,fries
5WMUAANKRU.wav,cabbage
5WTQ0OGI5T.wav,candied_fruits
5YFRRM9P81.wav,pizza
5YMW50SXO7.wav,grapes
5ZHTZBSJTH.wav,jelly
604MPPMZRE.wav,jelly
61MVF8LGPF.wav,gummies
61N4DYYOBM.wav,ice-cream
61PUKHOW52.wav,chocolate
62NC30J8I0.wav,ice-cream
63HRZFOHTR.wav,candied_fruits
63Y0YQWBK2.wav,candied_fruits
642LH3F6IK.wav,candied_fruits
644RBN64XB.wav,fries
64K5CPULS4.wav,candied_fruits
64TLO8OOTF.wav,aloe
65J2Z802MZ.wav,chips
6664IMU58L.wav,ice-cream
667RSCIM3S.wav,gummies
68ICWO3SX5.wav,burger
69IHBXN49P.wav,chips
69QEDQRKS8.wav,carrots
69ZTE7D155.wav,aloe
6AU6DPVJOR.wav,gummies
6BJ8JAPYMP.wav,pizza
6BQI9DB8VU.wav,carrots
6BRRWRZ1HN.wav,burger
6BTRFEOSVY.wav,gummies
6CTB2NQKZO.wav,burger
6DM9D277V0.wav,gummies
6DNAY89KK3.wav,carrots
6E6M36GZZK.wav,grapes
6F0YOO211I.wav,wings
6FD744IS51.wav,burger
6FRS3GO0UQ.wav,chips
6H5CI0PQLW.wav,chocolate
6LGHSJBVEO.wav,carrots
6LYHYNUVQY.wav,carrots
6M2273B9KU.wav,burger
6M8NKZTX6C.wav,gummies
6MOWKO16EJ.wav,ice-cream
6NA17VI3HG.wav,aloe
6NTZC2V1ZU.wav,gummies
6O4QKOW5F1.wav,pizza
6P2PVWLEBY.wav,carrots
6PPT39I0LW.wav,ice-cream
6SBWAJ0P3U.wav,gummies
6TA6PW8QVC.wav,ice-cream
6TUAFXUBZA.wav,candied_fruits
6TXC6BWRHR.wav,chips
6TY1ZD9M9S.wav,burger
6XGMKVYFVI.wav,jelly
6XY24H5WOQ.wav,jelly
6YTC1C88V6.wav,aloe
6ZKGRW3WGI.wav,burger
704U2QX4JF.wav,soup
70DQ25F80I.wav,ice-cream
70W9EBLVJX.wav,pickles
7159H28NLQ.wav,ice-cream
71YGT0QR30.wav,carrots
7247UC1RPC.wav,soup
72QV6MSUOX.wav,noodles
730K3NDJBY.wav,pickles
73WC0JUM8X.wav,drinks
74M7LC6SUX.wav,carrots
75FGK19HHW.wav,gummies
75UNK1RL8U.wav,chips
75Z4H5LVEF.wav,ice-cream
760J6VM9BQ.wav,pickles
76Q1F5D2E1.wav,grapes
77HHAF0LJ4.wav,fries
78KSAXXVXS.wav,wings
79SJ4OFZH1.wav,candied_fruits
7A18FLJYC0.wav,pizza
7A6US632OP.wav,candied_fruits
7AWLDP58Q0.wav,grapes
7DUBO0K2MM.wav,pickles
7ES5NA7VI8.wav,drinks
7F8X4DKYUJ.wav,grapes
7H760ASIWP.wav,noodles
7HPZPC10H5.wav,ribs
7JLY4HM94Z.wav,burger
7N4GLKI3GZ.wav,pizza
7NRGV2DPAZ.wav,ribs
7O2R09LQI2.wav,pickles
7O6MG3LDDQ.wav,soup
7OOAGA47OH.wav,pizza
7QDPWLIPM5.wav,aloe
7QO2NF2P4U.wav,gummies
7QYL8OIXY2.wav,grapes
7SQEF0MMQO.wav,ribs
7VC7B2ZRMV.wav,burger
7VGZXKX2KQ.wav,jelly
7XD6P43BRD.wav,candied_fruits
7XMRJP9SFJ.wav,chips
7XWIC6GBLB.wav,ice-cream
7XWXLYK8KY.wav,burger
7XYA2O21WK.wav,fries
7YLAVGL9K4.wav,wings
80T6YI7LJ0.wav,wings
80ZFRMWS4G.wav,ribs
84B7VHX9WR.wav,chocolate
84I6TREPAX.wav,fries
84JIEZ76PJ.wav,drinks
865A0QE710.wav,gummies
86GCEQIZMG.wav,candied_fruits
872ZYDPY65.wav,gummies
88JDH4MZG3.wav,ice-cream
88Y45UN3P9.wav,pizza
89NPF6AWB3.wav,soup
8C6QQHQ3EQ.wav,wings
8CPMTQXFID.wav,pickles
8CW7OR9LZX.wav,pizza
8CZ1CVWJNF.wav,cabbage
8DNCGWL84N.wav,chocolate
8DU4W5SU7E.wav,pickles
8F82X0VR1K.wav,pizza
8F8YPM94ST.wav,salmon
8GDXW9OSMY.wav,salmon
8HDN80I7V1.wav,fries
8I8JHONPJ9.wav,drinks
8IE6ZFMOV5.wav,chips
8IZJV7J8AA.wav,jelly
8K85CZ6HYT.wav,gummies
8KITSH60VH.wav,jelly
8KU6JGK4S7.wav,carrots
8L78R0JEJX.wav,burger
8L8COEQ1RT.wav,soup
8NC03W5026.wav,candied_fruits
8NVVB0LI3O.wav,candied_fruits
8NW40YNMLU.wav,chocolate
8PT2CBA02U.wav,carrots
8Q8M0SIGP3.wav,ribs
8QFI35XSZT.wav,noodles
8QK3AAM6MC.wav,candied_fruits
8S3EBEFPCW.wav,pickles
8THUGO7GPG.wav,ribs
8TI6XPA2F7.wav,salmon
8UG7MSRMXQ.wav,ice-cream
8UV3S1CKEB.wav,cabbage
8VOQQ0V7AP.wav,pizza
8WSWH5WHO7.wav,pizza
8X175ZEUOZ.wav,cabbage
8Y876ITHS1.wav,candied_fruits
8YEM8RUEQ7.wav,fries
8YTCZRCAKO.wav,chocolate
91GOI6X97U.wav,carrots
91MDMVVW82.wav,wings
920HE50VKW.wav,fries
92WK7BFYO3.wav,carrots
9368705BJ3.wav,ice-cream
93GYPLP8MF.wav,chocolate
93ULM9D6PC.wav,candied_fruits
955MVHR1IW.wav,burger
9656Q63FBP.wav,chocolate
96NDZ28M6M.wav,grapes
96ZWGYOIKF.wav,candied_fruits
971VSPZOIL.wav,burger
982B1P6F1V.wav,ribs
98CUW8Q9QF.wav,drinks
9954J3CW7G.wav,burger
995VQBE68F.wav,ribs
99G84GDZOW.wav,ribs
99IOXQ0VQY.wav,aloe
99RCZXQC60.wav,pickles
99RVHUSXII.wav,pickles
99XDTRGPMS.wav,aloe
9B956DEPD7.wav,fries
9BBPL5J9HJ.wav,salmon
9CAYPJB18B.wav,jelly
9CNPE2RAGN.wav,fries
9D4KXSRGQV.wav,chips
9DJ7H9GRIV.wav,pizza
9DRP98WD6D.wav,drinks
9FMIIEO531.wav,chips
9GFIQPFNS4.wav,aloe
9GL3JCBII1.wav,wings
9GN2I3SORJ.wav,drinks
9GOFNDW37O.wav,cabbage
9GW4ECJDIK.wav,ribs
9H6HJ6XVGG.wav,ribs
9H962E992C.wav,grapes
9HH2NDIYUQ.wav,candied_fruits
9HPZNNMIW4.wav,aloe
9I7Y9KC91H.wav,fries
9IEVQSPBU2.wav,grapes
9LN0JWKFP3.wav,candied_fruits
9MESUZYE1I.wav,candied_fruits
9O2EGC86CK.wav,aloe
9O7U7OIBOL.wav,ribs
9OKIZ4X8OH.wav,burger
9OTAK16N0B.wav,candied_fruits
9OTCL725PY.wav,gummies
9Q0CMITWVS.wav,chocolate
9Q44Z5AZF4.wav,gummies
9QR5S7A3W4.wav,salmon
9QW1D4R04F.wav,chips
9QXRB3J2QZ.wav,chips
9SLLLWBEHM.wav,pizza
9SLT7N9FKX.wav,carrots
9T37F9FKDU.wav,noodles
9TJ8GE94PH.wav,ice-cream
9U5I74X91V.wav,carrots
9V54YX7ZVK.wav,chips
9VIJ21WCZB.wav,ice-cream
9WQGGM04MG.wav,pickles
9XKB0CIR3X.wav,gummies
9Y4846EDN7.wav,fries
9YC9YOTGRR.wav,ribs
9YHOBZ0V9I.wav,pickles
9Z7TMDY2WH.wav,noodles
A061LL8JTW.wav,carrots
A12285Y7DB.wav,chips
A16KAIQJDO.wav,pickles
A16KGAN3G1.wav,noodles
A1WZWP1U9T.wav,ribs
A2UMIGL77F.wav,burger
A3792C8JQM.wav,gummies
A3QDBTY8XD.wav,pizza
A4BNLAGE1C.wav,pizza
A4DCSFUVD9.wav,burger
A4VUOSM0Z3.wav,fries
A5UA2L0G7L.wav,chips
A64TS2LXC4.wav,pickles
A6PTV7B1DV.wav,pickles
A6Y9P8T3MT.wav,carrots
A7FDAWVZG3.wav,pickles
A7T0PEJ12N.wav,cabbage
A8342S0TW2.wav,ice-cream
A8DU5Z6KZE.wav,cabbage
AAF4YW0CUT.wav,burger
AAMB13OQ36.wav,fries
ACBI1WDW9Y.wav,ice-cream
AD1GO3B3T7.wav,ribs
ADDM3A7PLV.wav,gummies
ADMHFFAOJA.wav,grapes
ADNC2MB137.wav,chips
ADOX6AABZB.wav,jelly
ADZHYOC36V.wav,pickles
AE837YE2B8.wav,aloe
AEGJXCT9IE.wav,fries
AFDLNNBP8J.wav,ice-cream
AFFGS74YVC.wav,ice-cream
AG5V0IUJAD.wav,grapes
AGJ1AHVULV.wav,ice-cream
AGU0HITS16.wav,soup
AGUXJSY94X.wav,burger
AHHYNM93O1.wav,wings
AI3UUEN3FE.wav,pickles
AI6BYA8UHG.wav,chips
AI8E7T8T7W.wav,candied_fruits
AIL4WLYALT.wav,cabbage
AIVWZ662JN.wav,gummies
AK4VRPRVGL.wav,drinks
AKV2LHKU4N.wav,ribs
AM26XBH8UQ.wav,cabbage
AMZN1H81M3.wav,ice-cream
AN0WOE3THO.wav,salmon
APJU4NT7NY.wav,ice-cream
AQ0XNCKRZ5.wav,noodles
AQNQWRUZKU.wav,candied_fruits
AQTSSTWTZT.wav,salmon
AR2GR3MPV4.wav,noodles
ARLR1AQ82G.wav,cabbage
ARU07KJWM8.wav,burger
ASKHQVQGKC.wav,fries
ASV0VXBY8N.wav,cabbage
ASVWAGYQ36.wav,noodles
ASXCARIMWI.wav,grapes
AT5319N29J.wav,burger
AT6F575RH6.wav,cabbage
ATJXBZ8GXQ.wav,chips
ATMITA4VYV.wav,chips
ATNMK8C3GB.wav,burger
AW4JJEMSXW.wav,fries
AWJWIW1B0E.wav,pickles
AWSY3EM5ML.wav,burger
AWTZ2WJH25.wav,gummies
AX905YUJN4.wav,jelly
AY4QHG9YP5.wav,chips
AYH6OY6XLV.wav,chips
AZ6VPMPZJ5.wav,ribs
AZYXHKZGZ9.wav,pickles
B06TFJF04F.wav,cabbage
B0YFLU5ZQO.wav,pizza
B158QBW2FV.wav,ice-cream
B35RTMB712.wav,carrots
B5BGBRZ9VQ.wav,grapes
B5DFCMDAK1.wav,carrots
B6IM6Y63AZ.wav,pizza
B6WLZVXH75.wav,ribs
B6Z79HFON8.wav,pickles
B71GP2H6TT.wav,ribs
B7VXGI67DU.wav,ice-cream
B8RHC3RCN8.wav,fries
B8ZAPNB2ID.wav,drinks
BABVF1ATC6.wav,burger
BBP2G26FO6.wav,jelly
BC7S1KYJEJ.wav,chips
BCY70J6HEN.wav,chips
BDJJUQT5T4.wav,fries
BEF7Q3BYV3.wav,jelly
BH2QKR84T9.wav,aloe
BH3OIV43FO.wav,grapes
BIDTOVCDLT.wav,candied_fruits
BIRSHG1P98.wav,chips
BJP575U5X2.wav,chips
BKHBF4RMRD.wav,soup
BL768ROOZC.wav,carrots
BLKRMKKNEE.wav,carrots
BMTC1I2NE9.wav,cabbage
BN2XYR1J2L.wav,candied_fruits
BNBXZT5VOM.wav,pickles
BOOL0IGIC1.wav,salmon
BOQ1N0PCLB.wav,drinks
BQSOZVFYR3.wav,burger
BRXWJ28NZV.wav,cabbage
BTBTL13J4Z.wav,ribs
BTF88I0ENP.wav,ribs
BTRD84G2I9.wav,wings
BU5PNY1DGH.wav,fries
BVDJEPXOPD.wav,jelly
BVLXBGFTU5.wav,candied_fruits
BW8L0BKJMV.wav,salmon
BXSSELTW8W.wav,candied_fruits
BYI1LIHYOK.wav,burger
BYZUMCJJEC.wav,cabbage
BZUTMW6XLA.wav,candied_fruits
C21CDAFIIU.wav,gummies
C2ZKMTITUK.wav,gummies
C34FH3BOOP.wav,burger
C4B8WOY42Q.wav,carrots
C4G1MX64W3.wav,ribs
C4TR14AC4E.wav,jelly
C4TXPXGGI4.wav,burger
C52K053GWE.wav,jelly
C5HL6XBCWZ.wav,aloe
C7F92OA5S1.wav,chocolate
C7QLKPTQE1.wav,chips
C7VBLQX8MJ.wav,gummies
C9BOEWM1HE.wav,noodles
C9X0V7LGBK.wav,drinks
CAIV4ALQRX.wav,pizza
CB2JEN6X5V.wav,carrots
CBDD97NBWX.wav,carrots
CBI9S0J1OI.wav,carrots
CBZS423JUX.wav,ice-cream
CD7Z6O3F3B.wav,grapes
CD9IXMSXW1.wav,carrots
CGCOVY5YV3.wav,candied_fruits
CGPXFVIZMK.wav,jelly
CGREXEQ6US.wav,grapes
CHVSDSKCF3.wav,wings
CKZ6M91FO4.wav,candied_fruits
CLR9CU93S7.wav,cabbage
CMX0DGBVIL.wav,burger
CONNZKJ9R1.wav,salmon
COO8QU6XQR.wav,ice-cream
CPMBV5L6YV.wav,aloe
CQCQBK91P3.wav,chips
CRZGUFK1QE.wav,burger
CSEYM6GGI5.wav,pickles
CSV8O93C6U.wav,candied_fruits
CTPLDLJC7K.wav,pickles
CUOCTWNIAQ.wav,candied_fruits
CV6OMDKFN8.wav,wings
CVKJ4TXUGP.wav,burger
CWEDX7VEP3.wav,burger
CXL5JZCETP.wav,jelly
CZE4M844B0.wav,ribs
CZKQ1HFSIS.wav,ice-cream
CZR5IQ8SH4.wav,wings
CZYFRBSJJL.wav,grapes
D0B2AX3CV7.wav,jelly
D0IL6W97MO.wav,burger
D0RU9C08I2.wav,candied_fruits
D1B5CZBVOK.wav,ribs
D6TBQ64LGN.wav,jelly
D6XT3CBG0J.wav,candied_fruits
D7ACBDID9O.wav,pizza
D8BU4N4DVD.wav,ice-cream
D8CI3J6HMH.wav,burger
D8IR2CPQ9Y.wav,ice-cream
D8QEZCL8KP.wav,burger
D9BS7FHTMG.wav,ribs
D9OCOSPS1O.wav,gummies
DAFEC9LDNX.wav,wings
DB7NAREO9Y.wav,cabbage
DBKYS1DYE2.wav,cabbage
DCASAZDMYR.wav,wings
DDJMS29K6F.wav,ribs
DEBU1KSZFK.wav,grapes
DEZIMN3QL1.wav,pizza
DFJAPAF6E8.wav,salmon
DI18LRP2DJ.wav,candied_fruits
DKB2JD429V.wav,carrots
DMLLVUPY1X.wav,carrots
DMYOG39X50.wav,candied_fruits
DN55BC3O19.wav,candied_fruits
DNAQN1E7GX.wav,fries
DNDISY0Y1Z.wav,burger
DNG9GQ0YZX.wav,ribs
DORRBPH1CC.wav,gummies
DPS380FOW8.wav,jelly
DQE8XRLEKZ.wav,candied_fruits
DR3MWDXMG0.wav,ice-cream
DTMXHZMZD8.wav,pizza
DTOVBQ8CBL.wav,cabbage
DTPZ7RO06L.wav,ribs
DTSOMBFIPC.wav,pizza
DTXX9ILYG8.wav,salmon
DU7K5KBHYB.wav,gummies
DUBKHFYRV8.wav,grapes
DUQN5IU0EU.wav,ice-cream
DVOXXWODMK.wav,grapes
DVWLT84FWH.wav,pickles
DW01GYMPQB.wav,chips
DWNCADYALP.wav,wings
DXF3EKJF5T.wav,soup
DZ9OYL8LN3.wav,aloe
E0FDCJ49UL.wav,soup
E1EZBMDZ60.wav,chocolate
E1YDAE6V9R.wav,chocolate
E2TPUZNJCS.wav,gummies
E2XHYU70O6.wav,candied_fruits
E45WTOD876.wav,candied_fruits
E4FSU9IGOQ.wav,aloe
E4NO1OR7C7.wav,soup
E5ACQSZIBP.wav,noodles
E632L4C0N7.wav,grapes
E6G61PT9PS.wav,chocolate
E8EJQ1ZVYP.wav,pickles
E8IL8V8V8R.wav,jelly
E8T10RJSOR.wav,ice-cream
E96486VLVG.wav,carrots
E9NGVY8NP3.wav,burger
EBXY1G3VUY.wav,carrots
EC1XTK2178.wav,burger
ED8MY9ZTGN.wav,burger
EDMQVNVSXN.wav,grapes
EE3MC60Y3K.wav,gummies
EERNWQMJ1P.wav,drinks
EIURAGVK8X.wav,burger
EJA4KEGS1H.wav,pickles
EJDTNB18NB.wav,candied_fruits
EJMF8LTR7S.wav,candied_fruits
EK2E3RQMY1.wav,chips
EKMBHLQH8T.wav,fries
EKT54XHOCM.wav,pizza
EM799T8RKQ.wav,chocolate
EMQ557YS8S.wav,wings
ENE9OHQH0I.wav,noodles
EO5AF5EPHJ.wav,jelly
EOTZYKCIVV.wav,wings
EPX65N8UG1.wav,burger
EQLV9V876B.wav,grapes
ERLFAGT3BK.wav,gummies
ESBCDBQ8JX.wav,ribs
ETE8HJ98XZ.wav,chocolate
EUM87719R6.wav,pizza
EVD2UPZTRC.wav,jelly
EXCRXJTIGI.wav,pizza
EYJBJCWZUV.wav,aloe
EZ9DRB2H4X.wav,candied_fruits
EZHBOYX8X5.wav,burger
F044JN9ZTY.wav,chips
F0ACEEJ8BX.wav,wings
F0IPNYSLBQ.wav,salmon
F1YUPJXDHX.wav,ribs
F3PL2FENPL.wav,chips
F4C8WGG34I.wav,gummies
F4IHK46M3E.wav,pickles
F4WHMSRBE5.wav,gummies
F4XVD5L5AH.wav,chips
F4ZC0LID18.wav,ice-cream
F7IPFDM79I.wav,ribs
F85COXT6DY.wav,wings
F8758PT1SI.wav,ice-cream
F8YG7A9EIZ.wav,fries
F9Y6JDX9PW.wav,ice-cream
FAYZ9DYCBM.wav,carrots
FBJ0NFSWGV.wav,gummies
FBN16O62OT.wav,cabbage
FDDMLOFLIU.wav,cabbage
FDPM982WEA.wav,aloe
FDQBEB164I.wav,soup
FEST33CAX4.wav,grapes
FEU94U50FR.wav,aloe
FFLCU6MP73.wav,wings
FH5BRGW2SK.wav,pizza
FHZED8AUOW.wav,carrots
FJO3VMSBZ0.wav,ribs
FKTMBEDYS1.wav,burger
FLHPWN20LD.wav,pickles
FM9U210HFU.wav,jelly
FMAOFZEF9Z.wav,salmon
FMLIW09GNQ.wav,burger
FOB9EVW018.wav,fries
FOO5MSFZ7H.wav,pickles
FPR3CPM4Q2.wav,ice-cream
FPY28GI9E5.wav,drinks
FQU3HANWBR.wav,ice-cream
FQWVZXKQ4W.wav,pizza
FQWYOG4PSA.wav,salmon
FRDLBDT4UQ.wav,candied_fruits
FRVMSY2GS5.wav,ice-cream
FSAFJN3WQU.wav,grapes
FSIBF3E8Z8.wav,ice-cream
FUZP03W9V6.wav,soup
FVRLAPEVNC.wav,pizza
FWQ7FWYAGQ.wav,burger
FWV43W8CDN.wav,drinks
FWXGQ6HKFL.wav,chips
FXF7LV998W.wav,aloe
FYAOFYSBQF.wav,chocolate
FYGU7KVVA6.wav,chocolate
FZTFR5AJXR.wav,pickles
G1FRQ29RFO.wav,carrots
G2U5LA6TAL.wav,cabbage
G31B6Q3T00.wav,fries
G3ECEP3S7G.wav,wings
G4LMJA9H6F.wav,drinks
G51O6QKAHK.wav,wings
G5MEARO62O.wav,gummies
G7GRHABKNC.wav,gummies
G7ISHFOJ16.wav,candied_fruits
G8F0V0LZ03.wav,candied_fruits
G8JT2NQP2V.wav,noodles
G8UFTL3WRO.wav,candied_fruits
G8UWUA86C0.wav,jelly
G90QRNB0VL.wav,pizza
GADUVV15Y8.wav,fries
GCCMZEYZBF.wav,jelly
GDJ4RGI9D8.wav,chips
GDJPZEU1F3.wav,chips
GDJXMKAPK0.wav,ice-cream
GEO159477Y.wav,grapes
GEQTDUOUM3.wav,gummies
GFPQCRB2CT.wav,chocolate
GHR5E5GHJL.wav,candied_fruits
GHXQRB09WP.wav,aloe
GIKZG7L161.wav,jelly
GJYV53WBSI.wav,carrots
GK0GRJ8HMM.wav,salmon
GL0GQ07QOU.wav,pizza
GL22WG2Q2G.wav,jelly
GLCAWSIZH0.wav,cabbage
GLM8ADLQEB.wav,pickles
GM3P31MX5V.wav,candied_fruits
GN8UJ7BRDQ.wav,grapes
GNBX9ZJW0Z.wav,pickles
GNBZO2ZH8H.wav,pizza
GNMH80XE9L.wav,ice-cream
GOGWYECPDM.wav,chocolate
GOK6RLNHEO.wav,pizza
GOMQO9XMI3.wav,jelly
GOQ60HQW5Z.wav,candied_fruits
GP9VG2AYL3.wav,gummies
GQ1WSXHIA2.wav,grapes
GQEHHPUNLI.wav,candied_fruits
GS36MNU6Z3.wav,chips
GTGS9M0IGQ.wav,drinks
GTODX1UW53.wav,candied_fruits
GUEY51RLH0.wav,fries
GUGRZ2SHQP.wav,pizza
GUP94D5JYF.wav,burger
GUUTMXUXK2.wav,salmon
GVIRG4259U.wav,fries
GVJACBEAVA.wav,grapes
GVOVC7ILMF.wav,aloe
GW08DI79VQ.wav,salmon
GWSVJ8EUQZ.wav,burger
GX3OF3JIWX.wav,chips
GXLMLINPOW.wav,cabbage
GYHU4TSCY8.wav,ice-cream
GYVJNBAJW4.wav,fries
GZL1DFLDQI.wav,wings
GZNKQ91HOK.wav,jelly
GZSBGJ1NJX.wav,wings
H3GQU9RB6K.wav,ice-cream
H3MT7SSQWK.wav,pizza
H442U1P6Z9.wav,cabbage
H4CB4GW4O9.wav,grapes
H4N6L4SA61.wav,grapes
H4OKN9Y8BG.wav,gummies
H64KNU8ILV.wav,aloe
H66DMU7HYT.wav,chips
H6CK4660M2.wav,aloe
H7BPIZ99ZD.wav,pickles
H7TBWG7JJN.wav,burger
H8J3NDBODA.wav,fries
H8O62QU2BS.wav,gummies
HBJEWJ9XLW.wav,pizza
HC5820CFBN.wav,candied_fruits
HCTJTSPHUT.wav,grapes
HD3HU0VE47.wav,chocolate
HD46Z2AY9U.wav,ice-cream
HDN2GFSXN4.wav,chips
HE1RU47ZDZ.wav,candied_fruits
HEZJOE2RJ8.wav,wings
HF9IVGFBJI.wav,jelly
HG3RJQXCD6.wav,soup
HGCATGP0Q6.wav,fries
HGENWHTAZ9.wav,ribs
HH2E1U0OJ0.wav,salmon
HK9HRWDRCW.wav,fries
HKC3UT4S7R.wav,chips
HLSRSQDP05.wav,ice-cream
HM1DXMYFZU.wav,pickles
HMSYGYJTTJ.wav,aloe
HMTM62BG0L.wav,burger
HNK9LZ6P9V.wav,pickles
HOQGP55TB4.wav,candied_fruits
HPTIARLMXR.wav,fries
HPU6AUZOHZ.wav,grapes
HQFQCT3LXH.wav,pickles
HR4FFYRBQO.wav,chips
HRQWVFD0D7.wav,carrots
HSGG1GEZJH.wav,ribs
HSVYPHFSG2.wav,chocolate
HTJ1SC0ZPP.wav,chips
HUJKAC9ZRW.wav,pickles
HV6QOB91TM.wav,candied_fruits
HVPOCBV25C.wav,aloe
HWY26QOH03.wav,aloe
HXIZ3CZI9R.wav,gummies
HXXJVKNHSP.wav,chips
HXZXTN6MN6.wav,burger
HYTBZUSAQJ.wav,soup
I0BH4NKKF1.wav,cabbage
I0CK16XDZZ.wav,grapes
I0OTVK086U.wav,aloe
I0RTCFFSZ8.wav,aloe
I0SGU8B8IM.wav,chips
I1E1YNR9SI.wav,pizza
I1O2QHVT3B.wav,burger
I1PBFVR88Y.wav,salmon
I1QV181JBT.wav,cabbage
I3NHFQNSKI.wav,candied_fruits
I3REKHSPCF.wav,pizza
I4ELPZTJM0.wav,aloe
I4MHM0UCUX.wav,candied_fruits
I4U3SPBEU7.wav,pickles
I61EUDWEDJ.wav,noodles
I6TDJM82C8.wav,pickles
I75FLR8SHS.wav,pickles
I7KKFNLX4N.wav,cabbage
I8ECOARJTC.wav,wings
I8FUHGDKT8.wav,pizza
I8IATB46B3.wav,jelly
I8N8C269ZD.wav,gummies
IA71GUNIKK.wav,cabbage
IA9I3ZED4G.wav,pizza
IBM51DPAOO.wav,ribs
IC0P16URHF.wav,pickles
ICG3V6PV1U.wav,ice-cream
ICHW0Q1QTG.wav,pickles
IDET1TGLXI.wav,pickles
IDP2W53EIK.wav,chips
IE5EB9B1CV.wav,pickles
IEZ7BH13HJ.wav,chips
IG5R391E5U.wav,chocolate
III5Q5TSA9.wav,ice-cream
IJBOJRNUVZ.wav,pickles
IKD7A75WDM.wav,pickles
IL2UV0YKQD.wav,noodles
ILUKWPO93L.wav,ice-cream
IM05TFEXO7.wav,jelly
IONTTMODDL.wav,burger
IOO24CWOQQ.wav,cabbage
IOUP7VV3S8.wav,aloe
IQV5Z2YQOZ.wav,carrots
IR85968BTS.wav,candied_fruits
IREPO50WWI.wav,aloe
IRO9NBBV7Y.wav,salmon
ISNM60C000.wav,soup
IT7MYB3DXK.wav,burger
IU32ONWSTY.wav,candied_fruits
IU85LNX3TI.wav,chocolate
IUBSDYX25U.wav,wings
IUI8L3HUFG.wav,aloe
IUJSS49RG4.wav,pickles
IVR05R2VG7.wav,carrots
IWFGPOMJGX.wav,fries
IWFJLEZJJ6.wav,gummies
IWKFX0JVL5.wav,ice-cream
IYHEW3QZQQ.wav,burger
J00I3NUELI.wav,gummies
J0CXI87M0D.wav,chips
J1C8TCJZVV.wav,ribs
J1WKLXHB1P.wav,carrots
J2AZG9WY4L.wav,jelly
J2DVX85Q5G.wav,gummies
J2PIJ41TAG.wav,ribs
J302Q7K3IV.wav,pizza
J4CIU8R6X9.wav,candied_fruits
J531OU01A9.wav,gummies
J65WZIA595.wav,chips
J813YVP796.wav,ribs
J86N3A2LJ6.wav,ice-cream
J88QDIMFFB.wav,burger
J8JRK3NBJA.wav,fries
J8L6QR41GN.wav,jelly
J8MMTOHBHS.wav,candied_fruits
J96XOMNZ86.wav,pickles
JA6PTEZL1Y.wav,grapes
JAUP892XTL.wav,soup
JAUWHETY23.wav,burger
JD8Z9SMGSN.wav,chips
JDCDZAZIT1.wav,aloe
JDKTBYNDKV.wav,ice-cream
JE5ABJVEIE.wav,pickles
JEFRMG5V2W.wav,candied_fruits
JEVTCUZQMW.wav,fries
JFA3U1D199.wav,salmon
JFP1F2QXTV.wav,fries
JFRWKN89EF.wav,grapes
JFZ22SIC1S.wav,candied_fruits
JFZO04YBDZ.wav,aloe
JGWSV6KHTT.wav,carrots
JGZ0CRIOBJ.wav,ribs
JH05ZJWFKA.wav,carrots
JHDXKB2PAZ.wav,grapes
JI7CIAI3F2.wav,soup
JIO1U0Z4DZ.wav,gummies
JLOBNPHD1M.wav,chocolate
JLY6ARMMGW.wav,carrots
JMFREXDCRX.wav,gummies
JMJISVMNC1.wav,salmon
JMKPC7L1I1.wav,chips
JND8BLBQGW.wav,pickles
JO8M442HCZ.wav,drinks
JP04LIVLBH.wav,gummies
JPPMOJ27RU.wav,pickles
JQZAO8V6IO.wav,gummies
JS8DG8RVLK.wav,ice-cream
JSMCCJ4DMZ.wav,pickles
JSQGQ41M3N.wav,aloe
JSYKTJ8B39.wav,fries
JUWIWDLZZ3.wav,ribs
JVWALBT1JO.wav,wings
JW9A1BJP9X.wav,burger
JWN8EILZUA.wav,grapes
JWY3UXNVBB.wav,ice-cream
JY097G6GEM.wav,pickles
JZ57VYTQWQ.wav,wings
JZG2YJAE3R.wav,pickles
K016J7FV2S.wav,soup
K1J3N6RGNW.wav,carrots
K2MIMHM855.wav,pizza
K2TIXK29HH.wav,pickles
K2Z2MNGQH4.wav,aloe
K3EF3O84DE.wav,chips
K4B0FJROP2.wav,candied_fruits
K4KMXF9GCX.wav,cabbage
K4N01I1POU.wav,ribs
K4RNPQ3T93.wav,candied_fruits
K69WOXRYD3.wav,fries
K6L3KUDDNV.wav,wings
K6X752FMIG.wav,wings
K6ZMQTIIZ6.wav,wings
K7IJZSYEZA.wav,burger
K7VXGMPM36.wav,chips
K8H6VAKNSU.wav,candied_fruits
K8Y1WK4AK1.wav,chocolate
K9DFXPEIEW.wav,candied_fruits
K9WFJXLYAU.wav,grapes
KCEF8YNJTM.wav,jelly
KD1QB9GN66.wav,pickles
KDRHWR2G0F.wav,aloe
KE30I1JCZ7.wav,ice-cream
KE3CCR5PDA.wav,chips
KEE044EP1H.wav,pickles
KG4EC0DOVC.wav,ribs
KGGDHWE2O2.wav,wings
KHC6ZI4AZW.wav,ribs
KICO2452VP.wav,ice-cream
KJL92NFOQ5.wav,chips
KJWE95HK7S.wav,burger
KJZE0NCIJC.wav,ice-cream
KK7XAK3ZKO.wav,pizza
KKNUGT6ZVE.wav,wings
KKP3H5DX6N.wav,candied_fruits
KLAGVGW1JB.wav,grapes
KLMGOC8SL7.wav,ice-cream
KO0YT5HVEH.wav,cabbage
KOK08QHWQ6.wav,pizza
KP7W8D46Y3.wav,pickles
KP9K3UKDMV.wav,ribs
KQ975JL2TW.wav,chips
KQCANXUYLI.wav,fries
KS4J0FRTY0.wav,aloe
KTURHTPN1B.wav,drinks
KU3DD3V1O6.wav,burger
KU71ZGW0HT.wav,grapes
KUKSR6EUI5.wav,ice-cream
KW9EPKP3BS.wav,grapes
KXIMQPQ8LU.wav,chips
KXJLFM62AE.wav,burger
KXTPDHY64Y.wav,chips
KXWDYUKDJE.wav,salmon
KY0Z0QVQOX.wav,grapes
KYYJG8MNZM.wav,candied_fruits
KZ83VITMB5.wav,drinks
L093FEHZQ3.wav,salmon
L238BKKRBM.wav,chips
L2U01UYO6L.wav,candied_fruits
L2XL2YC6AP.wav,jelly
L4MLAJ0MUJ.wav,fries
L4NBIE51LH.wav,noodles
L4UM1CWZRF.wav,burger
L516BUU60Z.wav,fries
L6WCWM1I2B.wav,pickles
L6Y4MCR7CM.wav,ice-cream
L6YN03DA88.wav,ice-cream
L77Y6D0MVE.wav,aloe
L7GLILZQTG.wav,ribs
L7OUF04RQZ.wav,cabbage
L7RE36HMD3.wav,pizza
L852G37UBZ.wav,pickles
L86LJ4UV12.wav,carrots
L8AZGQLF28.wav,aloe
L93J0MRO6T.wav,salmon
L9O23MIWJ7.wav,jelly
L9TBBQP62Z.wav,gummies
LA8SAWR9K4.wav,chips
LAT0MQJ1RR.wav,grapes
LAT4O0ZOK2.wav,burger
LBN949FGJ8.wav,candied_fruits
LC5SNTREOD.wav,pizza
LCEZ5RETV2.wav,gummies
LDBOHNTYXX.wav,salmon
LDDIPZZZ2E.wav,pizza
LELZ03FDJU.wav,candied_fruits
LF4YF9Z6YI.wav,salmon
LFCS7PGM9I.wav,salmon
LGP6HF08W5.wav,carrots
LISSOB2M2F.wav,salmon
LIYDYQX49B.wav,burger
LK5SC7TEQK.wav,pizza
LKQGS8AV7B.wav,burger
LL6KZRY9OO.wav,ribs
LMBPWK8X9Q.wav,candied_fruits
LN68FYRPAP.wav,carrots
LNGL1W6B7Q.wav,noodles
LNY1IKI128.wav,pizza
LO0PMPDYTR.wav,jelly
LOPTR1Z8ND.wav,jelly
LORKVMF2V1.wav,gummies
LOUFBA4LRB.wav,gummies
LP9T83H5XA.wav,cabbage
LPHGL17B11.wav,carrots
LPXELH88AQ.wav,pickles
LQ9CTQU24P.wav,candied_fruits
LRJ4OWPYZX.wav,pizza
LRJ80ME1K4.wav,fries
LSLY9GPNWO.wav,noodles
LT45SQKQWW.wav,aloe
LTHBQ5SQJ7.wav,grapes
LTOQODM1B4.wav,carrots
LTS7E6YEJ3.wav,salmon
LTXGCXRS1R.wav,ice-cream
LU70T646EL.wav,carrots
LUOKZH4Y5L.wav,chips
LUS7YNUANU.wav,pickles
LVI03JAL2T.wav,grapes
LW8801ONE0.wav,pickles
LX6PZ4WG4T.wav,chips
LXFJ5DRC8U.wav,burger
LXPKAQTVM8.wav,gummies
LY4IJ7620N.wav,soup
LY9F8BR4YO.wav,aloe
M0QLUL2PK7.wav,aloe
M13B47G0HC.wav,drinks
M4HAAOQ3BA.wav,pickles
M5GA3TQRU7.wav,gummies
M62U3LPC0Y.wav,chips
M6WSNRRN9W.wav,carrots
M74PU2W6L9.wav,carrots
M7RG5VNGT7.wav,ice-cream
M7YZRLLMFV.wav,wings
M87KP5OXOD.wav,fries
M87XJBMHHO.wav,candied_fruits
M9GRH8L6D7.wav,cabbage
M9N6RA3NTE.wav,chips
MA3HK2TFF2.wav,chips
MBVYKLZYYH.wav,wings
MBWNQO5FJE.wav,candied_fruits
MC1ET8U47N.wav,candied_fruits
MCUS0OFZTO.wav,candied_fruits
MF8OUDXCFI.wav,aloe
MFSH4EFU7T.wav,chocolate
MGFQ9JR67U.wav,candied_fruits
MGHR2R6GL9.wav,chocolate
MHZ6Z30U06.wav,carrots
MJ00IQ7ZEI.wav,pizza
MKFZ2L4HA8.wav,noodles
MKK13WKYRV.wav,ribs
MKUIZH30AN.wav,ice-cream
MLLFKS7QQ8.wav,chips
MM3XBBN3PS.wav,pickles
MM4ZA4VXRG.wav,pizza
MMAANN6RXY.wav,aloe
MMHFGMTC7Z.wav,soup
MNU1PLZRYT.wav,jelly
MODQEX31ZW.wav,wings
MOH16OJCRE.wav,chocolate
MOYJ5ZFSD0.wav,ice-cream
MP46B0GDUC.wav,wings
MPKBX8DPJK.wav,burger
MQ0W1LU0D0.wav,drinks
MQ467YX8LL.wav,burger
MR1IL2ILMH.wav,salmon
MR9F4XYU1R.wav,pizza
MSYU32TTHZ.wav,chocolate
MT6JKSKGXL.wav,cabbage
MTJW8TVTU7.wav,ice-cream
MUDV5WSXVR.wav,chips
MUEXPOA0PJ.wav,candied_fruits
MUM7Z9DIFG.wav,ice-cream
MVAE5MNVZW.wav,candied_fruits
MVJAZN0C10.wav,pickles
MWXWBNTCRN.wav,carrots
MXKPG6FBM5.wav,cabbage
MXV212D55F.wav,carrots
MXY5NBH6U9.wav,pickles
MZF7W8U79M.wav,pickles
MZJ9C3LPZ5.wav,jelly
N0U7IUX4EW.wav,candied_fruits
N2Q7UHH3RH.wav,salmon
N2T095MZ2H.wav,pickles
N2Y58BJENY.wav,gummies
N5CDN3DYHA.wav,candied_fruits
N5VGNDKCOX.wav,pickles
N62CDEOLAC.wav,cabbage
N7ETEU46JH.wav,grapes
N7FZ22SYEU.wav,burger
N8I2N7FYZY.wav,soup
N999LTL3M8.wav,grapes
NA0F35JF1S.wav,aloe
NA8LUCT9ED.wav,burger
NADXP17N21.wav,noodles
NAJ2X1H1BO.wav,wings
NALLKAVF4E.wav,pickles
NBYA7WC6OA.wav,carrots
NC1QO1RLMW.wav,gummies
NC31NI13EB.wav,cabbage
NCSRX4O5CS.wav,pickles
NCWB97Q9YA.wav,soup
NEPPP2J139.wav,candied_fruits
NF86SKIJGY.wav,carrots
NFLHZCD6Q5.wav,burger
NFP4AJB6S4.wav,candied_fruits
NFSR2DA4DK.wav,pickles
NG9P8AW5XU.wav,chips
NGGDLTER9H.wav,gummies
NH0SXYIFTT.wav,fries
NH34RBKC69.wav,gummies
NHCOUEW0PO.wav,burger
NHTFZ3CH5C.wav,pickles
NIOVJI9A1D.wav,pizza
NIUQH0O95R.wav,soup
NJF7Y5RJIK.wav,salmon
NK5QJHXIOG.wav,burger
NL8KLTUH0U.wav,carrots
NLDXQ4Y2TG.wav,wings
NM40M6PFWY.wav,fries
NO38V5PH2Q.wav,drinks
NO9K5W7SG1.wav,grapes
NP0PX0YXFR.wav,ice-cream
NP8SQ9M1ER.wav,burger
NPBJLHY93F.wav,candied_fruits
NR9HQYY3X6.wav,noodles
NRWTBHTTJT.wav,ice-cream
NSTIFXNC1S.wav,candied_fruits
NT8TE2LQX6.wav,candied_fruits
NTZ5ZUA3C6.wav,ice-cream
NTZM93196H.wav,grapes
NU3NSW2FCR.wav,wings
NU9MJCBRP6.wav,fries
NUQZYHWUA5.wav,fries
NVW1P4MVKY.wav,ice-cream
NW36GQO131.wav,candied_fruits
NWYDBUL0Z6.wav,noodles
NYMHF4ZHBK.wav,pizza
NZG7WV6T6P.wav,salmon
O20NY9KXOU.wav,noodles
O2SGU92W8I.wav,carrots
O44FS2HVER.wav,candied_fruits
O464D4R6EN.wav,burger
O4GY5M5UJU.wav,grapes
O4KCJEMSR5.wav,ice-cream
O5598S7JKS.wav,burger
O5N8DGWULD.wav,grapes
O5WUKRJJR9.wav,carrots
O6BODZ8T1R.wav,fries
O6HZ3Z2BYG.wav,pickles
O6TL4N0IPT.wav,ice-cream
O6XO3EUFLV.wav,drinks
O935216WSB.wav,candied_fruits
O94PMFNIBO.wav,ice-cream
ODEKU7CJ3J.wav,grapes
ODF0CAWVLU.wav,grapes
ODMR800VOM.wav,wings
OE7HD2E7X9.wav,drinks
OE9YF787BD.wav,chips
OEAAUFJVRO.wav,carrots
OF5JALSUSV.wav,carrots
OFNXBK51RT.wav,gummies
OGFVL1TKUT.wav,noodles
OH5K13CA0L.wav,grapes
OHDBTCOOHS.wav,carrots
OHOBMD1E9C.wav,grapes
OHZ3Q8PIGA.wav,wings
OITK2BVH97.wav,gummies
OL5T75Z8BV.wav,candied_fruits
OLNJB5CSYR.wav,ice-cream
OLW86IJ0KC.wav,candied_fruits
OMKP2QK4DP.wav,burger
OMS31QAT9Y.wav,salmon
OO8CFXMCUK.wav,carrots
OOIK5VWXCE.wav,fries
OOO5OVPQ7C.wav,chips
OPDJM9N8IU.wav,cabbage
OPKJMMSZ47.wav,pickles
OQK50YDBSQ.wav,jelly
OTRFKZZRPX.wav,grapes
OUNQ9QG4SU.wav,fries
OVBLIQZFPN.wav,pizza
OXKSA0QSHQ.wav,chips
OXNBV2LWCV.wav,jelly
OY2H0JTF1P.wav,pickles
OZIN8GK74R.wav,pizza
P0N825D7XX.wav,pizza
P0OFEC20N8.wav,aloe
P1LMH2XD7E.wav,carrots
P24GV2C0IQ.wav,pizza
P2OGRD9K6R.wav,aloe
P3F7GCF0WR.wav,candied_fruits
P3IK9REK1C.wav,wings
P3V1KTNDR9.wav,jelly
P44KYBXQ4E.wav,cabbage
P4UNX19NOV.wav,jelly
P537F80LVJ.wav,wings
P53CUUSFGT.wav,pizza
P548ELO1UM.wav,cabbage
P5FKTTLXFN.wav,cabbage
P5ZGONIH7R.wav,candied_fruits
P6CDIHF76M.wav,chips
P72AIKCA55.wav,candied_fruits
P79P4ZDRUA.wav,candied_fruits
P79XYPMG61.wav,soup
P7SZMV7E4C.wav,chocolate
P8HKMG3XKJ.wav,candied_fruits
P8SB4YGGUD.wav,aloe
P93L4ZRQHQ.wav,wings
PA4B4T8S4A.wav,carrots
PAA1PJTQ4A.wav,pizza
PAFXGKBOVU.wav,ice-cream
PB9VVIF9P4.wav,soup
PBQ7VYFKV7.wav,jelly
PC3P4YP0F7.wav,chocolate
PCQLT9VNR4.wav,chocolate
PDP4DKZROP.wav,salmon
PEA3RF9IE8.wav,chocolate
PEBRGC6Z2M.wav,salmon
PEV48VMSPI.wav,chips
PF3QAVH2IU.wav,drinks
PF7KO4U5BU.wav,drinks
PFUSXULZRC.wav,gummies
PFUXDT7Q59.wav,pickles
PGOU9EAPX0.wav,wings
PGPMCJUNFL.wav,pickles
PGPSCM3AW8.wav,noodles
PGWLNYIG2O.wav,candied_fruits
PHBNSI7BQV.wav,carrots
PHVT5OL5KJ.wav,noodles
PI41EEC4NR.wav,burger
PIJJK4UYYZ.wav,ribs
PIOX738A0I.wav,aloe
PIPYQ8LVXW.wav,pizza
PIQ3ZUZHZO.wav,grapes
PJ6UUIY255.wav,gummies
PJIX3MZYVV.wav,burger
PJP1VVMXSA.wav,aloe
PKEXRH7YPT.wav,carrots
PKSEW7NOJT.wav,ice-cream
PKV67URCWF.wav,fries
PL9UV0P6CH.wav,pickles
PLSGPPFP5R.wav,noodles
PMGWYV5SIX.wav,carrots
PMIO25I481.wav,aloe
PMXCB9PEYE.wav,pizza
PNZYB60Z34.wav,jelly
POBALOPG4S.wav,pizza
PP5RD1YNRL.wav,ribs
PPSHLLKM7D.wav,carrots
PQH61P6G8S.wav,ice-cream
PQW1X18VDW.wav,pizza
PR4Q8V6G93.wav,pickles
PSZTWS6J43.wav,soup
PT4NIPL5B6.wav,candied_fruits
PTZKOXY4PP.wav,chips
PU9713MLWG.wav,candied_fruits
PV3YUNHS18.wav,noodles
PW5NN9MPK1.wav,salmon
PW90G5546F.wav,gummies
PY5ZU64FEA.wav,ice-cream
Q0EZNK0YNX.wav,aloe
Q0F8C5BVNB.wav,gummies
Q0ZJIVHXH0.wav,jelly
Q1DSSMZZUA.wav,jelly
Q1NWA0TM2S.wav,soup
Q38EPKZLMJ.wav,ice-cream
Q3HGWORNEP.wav,candied_fruits
Q3WA701YXQ.wav,pickles
Q4DX3UU274.wav,gummies
Q4I7F9IVKU.wav,gummies
Q5Z2UTCHVC.wav,chocolate
Q7NU8K3H7D.wav,noodles
Q8OZK0VPMM.wav,pickles
Q8Q819DNLN.wav,ice-cream
Q9EH8LFGL6.wav,soup
QAHAX4Y9QO.wav,jelly
QAMZC1LFJU.wav,burger
QAPPO9SXGB.wav,ice-cream
QAWS1ESKFM.wav,wings
QCWY8YE5AQ.wav,fries
QCXP04CKZM.wav,fries
QEBLAH1QYI.wav,salmon
QEBLX243WQ.wav,wings
QF8OVXROAA.wav,wings
QH5PRV1KYP.wav,wings
QH9RP7OBBI.wav,pizza
QHEM9506MV.wav,chips
QIFRUX6LQ7.wav,carrots
QJ0JKFB6Y5.wav,burger
QJIKVWZ6U7.wav,jelly
QK1FIU9J2R.wav,grapes
QK78EBJFSE.wav,aloe
QKD89YF7VN.wav,burger
QKONXD3KNJ.wav,pizza
QMPXNUS68B.wav,cabbage
QN6R0FQQNO.wav,carrots
QOE4ZBE7LN.wav,drinks
QOS5OCTTPF.wav,carrots
QPK0YT8IDR.wav,pizza
QPSYOMW2FF.wav,pickles
QPVYPV5G00.wav,soup
QQ6A6LJS1V.wav,aloe
QQH7K5963A.wav,carrots
QR9A3BAC15.wav,ice-cream
QRLH1W74AQ.wav,candied_fruits
QRMUAN4UCU.wav,chips
QROQYW380Y.wav,soup
QS74W6UIT2.wav,candied_fruits
QSETI9TTHA.wav,soup
QU4PE39NY1.wav,gummies
QUL8BFZOS1.wav,ice-cream
QWRBTBINMW.wav,drinks
QY9T70DBGG.wav,carrots
QZ6E5UF5ZZ.wav,burger
QZLV9MUB2O.wav,ribs
R01MGJ76MX.wav,wings
R02VUF8O5K.wav,wings
R0U3JP169C.wav,candied_fruits
R1XULZ2CZ9.wav,aloe
R2207591RV.wav,wings
R2GJY1VGWP.wav,pickles
R2IFFYXG0C.wav,burger
R339IMF56D.wav,candied_fruits
R41ECCUNDV.wav,chocolate
R47IXGOZ20.wav,pizza
R4XNNK1WK8.wav,noodles
R5U4KR9QBO.wav,cabbage
R6G9DT9C4J.wav,burger
R7PX8FJISH.wav,candied_fruits
R8D4CAQAL6.wav,ice-cream
R8UK8TJHFC.wav,burger
R8W7P1CNSZ.wav,candied_fruits
R923KRBGHW.wav,ribs
R9PZWA8HH3.wav,grapes
R9VZMLY9SY.wav,candied_fruits
RAO7LW7IFJ.wav,candied_fruits
RAYSFLHZKE.wav,grapes
RBEBZ4AR1H.wav,wings
RBEF6P2GLO.wav,jelly
RBEZVP6NAO.wav,pickles
RC1DSRIM4H.wav,gummies
RD3P0CXUP9.wav,ribs
RDA1DKM4BZ.wav,carrots
RDQR0RRSFC.wav,pickles
REX7Q80VV2.wav,gummies
RFBP8HLPOW.wav,soup
RFNEIPMJRJ.wav,pickles
RGVE9S5EQ0.wav,jelly
RHLOM3UZOQ.wav,noodles
RIFF00UVDJ.wav,jelly
RJ2V761K3X.wav,cabbage
RKJOC3B7KU.wav,carrots
RL1C8714ZF.wav,chips
RL5A5HT5GH.wav,chips
RM0FC13J1L.wav,pickles
RM1ILXONPQ.wav,fries
RML9NJMS5H.wav,burger
RO22QJKNH5.wav,ribs
RO6LX9I1XY.wav,chips
RPGBE5KMFJ.wav,pickles
RQ1CBDLHRW.wav,chips
RQB7MW36AC.wav,gummies
RQJFJ09CWH.wav,chips
RR2QF7LNR4.wav,aloe
RRRZVCVMVL.wav,salmon
RS8V8KLQZD.wav,ice-cream
RTEZOIMCDW.wav,carrots
RVCD1LEPNR.wav,pickles
RVOMPLXYFW.wav,cabbage
RWF6NNSS51.wav,pickles
RWI716EHEA.wav,salmon
RY5WAR1E2R.wav,pickles
RY7Y341CGK.wav,chips
RYV3GIO184.wav,gummies
RZO3WO9OM1.wav,burger
S02F7JX3UY.wav,noodles
S0QDKJZC0V.wav,pickles
S1E8NQTVKW.wav,salmon
S1FYA7QNM7.wav,soup
S1I73RHHR6.wav,gummies
S2H4FM64UD.wav,pickles
S2ZIWBG0FF.wav,gummies
S52GDH91NQ.wav,pizza
S56PHG07A8.wav,pizza
S67VCA5ZV0.wav,pickles
S7EJTWHKEZ.wav,pizza
S7KE5J0MUU.wav,fries
S7YP63E6B5.wav,gummies
S87JHJBW7S.wav,ribs
S9XTLHD0ML.wav,carrots
SB9Q20U6OO.wav,soup
SBSLINZ9TO.wav,wings
SC2MBPUOJ5.wav,carrots
SDLDVWH1T9.wav,ribs
SDTIM4IUK2.wav,burger
SDY8190ABS.wav,jelly
SDZQKG06VM.wav,gummies
SE6EDAMHZ9.wav,fries
SECBOV9UXO.wav,ice-cream
SEE58V76AV.wav,chips
SF5GZXNWJK.wav,grapes
SGH2A8X1HS.wav,aloe
SGTEDJCFYH.wav,candied_fruits
SIPYIOHC19.wav,wings
SJNN7WYPFF.wav,salmon
SK4MNHGVE0.wav,cabbage
SKGLX6LPNJ.wav,ice-cream
SKSMQUB6NV.wav,drinks
SM1I6DVCFV.wav,candied_fruits
SM584I20AO.wav,soup
SNGPGCDDM3.wav,salmon
SNVPRJF4X5.wav,fries
SO7IBVMXTK.wav,drinks
SPGYE3YG9E.wav,pizza
SQ1M88KE3F.wav,gummies
SQG5U13PH2.wav,fries
SQTSIR6QZ7.wav,chips
SR047VUPCX.wav,ice-cream
SSG8SSIMSK.wav,cabbage
SSPWJUBP02.wav,burger
SVIEBWJ7D4.wav,wings
SVT6QADAZO.wav,carrots
SW671ACFWW.wav,chocolate
SWEUNTBT05.wav,aloe
SWQ5SY85UD.wav,noodles
SWR2SQOYKX.wav,soup
SXFUI9I7CG.wav,cabbage
SYW2S4E49I.wav,fries
SZ9V849BZU.wav,chips
SZBSJ1IZVM.wav,ribs
T0STD0O3CO.wav,ice-cream
T1BGN1Z1EQ.wav,pickles
T1UEH6VWPX.wav,ice-cream
T20J5FVWL0.wav,ribs
T2QZC8WRL0.wav,burger
T31AHGT018.wav,pickles
T3R2RSSFIC.wav,gummies
T58H2BVB7T.wav,grapes
T6IZLPV0N8.wav,chocolate
T7WHTPRXZD.wav,pickles
T7ZXMEKZSS.wav,ice-cream
T80THJPKVA.wav,chips
T87AU5G8T8.wav,fries
T8XCCSRO88.wav,candied_fruits
T95VZ5KTH9.wav,burger
T9DB91TI7B.wav,pickles
T9TVUOFI7P.wav,grapes
TABDPRKUKP.wav,carrots
TAC1U9HVII.wav,drinks
TCX849NX26.wav,jelly
TE6TLWYMTM.wav,chips
TEHOG9E1C5.wav,burger
TFZKAL3V6Z.wav,wings
TGO8IBLBHI.wav,candied_fruits
TKA9MDVPWI.wav,gummies
TLW7WY4KAG.wav,grapes
TM8TPCUSMM.wav,grapes
TM8WNBP7HI.wav,chips
TMD78POK6V.wav,grapes
TMECIXA87E.wav,pickles
TMJYKW8KTQ.wav,burger
TMU9RZNRD7.wav,carrots
TO4L3REH5F.wav,salmon
TP06FJ8OTT.wav,salmon
TPPGOM8JD6.wav,candied_fruits
TPY72S0E9E.wav,aloe
TQI24HTLOX.wav,salmon
TQO5N9X1XR.wav,pizza
TRL42OORSA.wav,candied_fruits
TRQF86QP6B.wav,pickles
TSGIQ9V0GY.wav,pizza
TSIR2RGPSB.wav,candied_fruits
TSXL1AV7LC.wav,gummies
TTVMCZVMN2.wav,grapes
TTX12DYLOU.wav,fries
TVVAQ4M0VS.wav,burger
TWD3PU2LFI.wav,pickles
TWXPZVLFM1.wav,grapes
TXH8DCV149.wav,pizza
TXJU4B7CTJ.wav,chips
TZYOM916S4.wav,salmon
U197JVOV4S.wav,ice-cream
U22MSDR6S2.wav,wings
U2PFYX8C3L.wav,gummies
U34TFA0BS4.wav,chocolate
U3GU7DX9WL.wav,ribs
U3IC41RJMO.wav,chips
U3IU6F3PKN.wav,grapes
U4VR2A08KX.wav,fries
U57FZJ8IJ1.wav,ice-cream
U6QD4Z8H6E.wav,grapes
U7RZPHE7GK.wav,pizza
U9BMOGAPFT.wav,fries
U9U54RL5I4.wav,wings
UB6ITFBPYR.wav,wings
UBI3T5URHB.wav,burger
UCUHAFL3RP.wav,gummies
UD24VCXT4K.wav,fries
UEJHB1CMC2.wav,burger
UEKDNR2G3S.wav,fries
UENXPIRY88.wav,pickles
UEUNLN6SP5.wav,candied_fruits
UFI7AIXOZJ.wav,carrots
UFJI3FHU68.wav,chips
UG10GEWCXG.wav,carrots
UGDQRXXQF4.wav,jelly
UGSJIHH766.wav,pizza
UIA6K73Z63.wav,chips
UICW586T7I.wav,candied_fruits
UIQ8GZFBW3.wav,ribs
UJNOFFOUHZ.wav,noodles
UKGTD2EUFN.wav,burger
ULDVDN0EVG.wav,pizza
ULUNYVG0N5.wav,fries
UMO2JMSUYQ.wav,carrots
UN3XJEGO95.wav,noodles
UNB5GRVTAC.wav,candied_fruits
UOKQZ3DREN.wav,ice-cream
UP4C6BIGXS.wav,aloe
UP6L70TFVA.wav,grapes
US8PHAYXXO.wav,pickles
USAICCA8C2.wav,candied_fruits
UTU4V7C49A.wav,candied_fruits
UUSE53PU8K.wav,ice-cream
UUWI3AWGN2.wav,chocolate
UV9GZRF7YY.wav,burger
UVG4MTFO8Z.wav,carrots
UVGVDMQ05O.wav,pizza
UW4WCE4QGD.wav,gummies
UW7Z411RXL.wav,ice-cream
UWEFFANLM8.wav,chips
UXOAS7K5AP.wav,drinks
UZNS6IIJFY.wav,pickles
V0BEKA1UJG.wav,fries
V1JGFGLLH5.wav,grapes
V1TB06FLZV.wav,cabbage
V2SL1B3EZS.wav,pizza
V3YVGMDZ71.wav,soup
V41CMQZBT1.wav,ice-cream
V4FRDTQA2Z.wav,ice-cream
V5R8AN1H1C.wav,gummies
V5U96XPL2D.wav,chocolate
V5ZOQJR7HB.wav,pizza
V7JGQOLLKI.wav,ice-cream
V8TGYX0M0Q.wav,grapes
V9RI209HGU.wav,pickles
VAO9KLQ24R.wav,aloe
VAXT502D3K.wav,wings
VBE5HOAPMC.wav,ribs
VBPI2E4B1B.wav,salmon
VBQI050ZWW.wav,grapes
VD3Y39YTWF.wav,fries
VEVJO4MR3R.wav,salmon
VFPCCM7R00.wav,cabbage
VFTWAJ1QID.wav,pizza
VG6VMWQS5M.wav,cabbage
VGA4DVTWVA.wav,fries
VGCEAKBCI2.wav,ice-cream
VGH80NSNHA.wav,carrots
VHLXIM5OQ0.wav,fries
VHZK07LTC9.wav,jelly
VKZBQK0NS2.wav,pickles
VLCL0HJ0IP.wav,aloe
VMQCKKJOEH.wav,pickles
VNSFBLR6P2.wav,jelly
VOMBO84RV9.wav,candied_fruits
VQHI2H43MG.wav,fries
VQX0YO5300.wav,fries
VSF84AJD8N.wav,gummies
VSMAD0YSIZ.wav,burger
VTGY9CS6OR.wav,ribs
VTNQ6AVJI3.wav,chips
VTVQNT5LAC.wav,aloe
VUAO8WODLL.wav,cabbage
VVH5Z67441.wav,drinks
VYL6SYUYBQ.wav,grapes
VZ930FMQH5.wav,noodles
VZTGES7N1I.wav,grapes
VZZ90IYG98.wav,grapes
W0T344O1JW.wav,ice-cream
W0Z1N5CRZK.wav,pizza
W2FGEWMLLE.wav,jelly
W3SWNV0LZ4.wav,chocolate
W42XT828MB.wav,pizza
W4PHS028T4.wav,fries
W690BF259F.wav,wings
W6K3MDUHN4.wav,drinks
W6UA2N8F1A.wav,ribs
W72WCWM65A.wav,aloe
W76L9186D0.wav,gummies
W7K6ZE5EAZ.wav,pizza
W7M2O3TGVZ.wav,fries
W8ABPVM6VM.wav,ribs
W8IJITC1WX.wav,burger
W8M98DVZ3G.wav,grapes
W8MWKQ2ZTA.wav,pickles
W9CJ31NH20.wav,gummies
WAP7QOZLDG.wav,carrots
WBFTBII3G8.wav,gummies
WBWNTFFO84.wav,grapes
WF816OHCHA.wav,ice-cream
WFA2F97OU5.wav,cabbage
WG5K81FYMO.wav,ribs
WGFUM6B19A.wav,chips
WHMQKYQFUS.wav,salmon
WHU3ZOB9HB.wav,wings
WI8NL1PXVC.wav,grapes
WJBRL45ER6.wav,burger
WJGOPX5FD1.wav,candied_fruits
WJP398T1UI.wav,aloe
WJQOCO3S5K.wav,salmon
WKEWNHBH6M.wav,aloe
WLDSH2I3A9.wav,pickles
WP6KC6Q3RJ.wav,chocolate
WPKLT3H60B.wav,burger
WQG5UFU5UE.wav,grapes
WQJJ4HSEUQ.wav,grapes
WSQG1EVUSC.wav,wings
WSRK3M3U74.wav,ice-cream
WT4UBGYCUU.wav,burger
WTAPGPKOFJ.wav,soup
WTIO3KC5TJ.wav,aloe
WUBU2OYXQF.wav,burger
WUEE6G8BFC.wav,grapes
WV5MLL3ROP.wav,soup
WV81O3NV84.wav,ribs
WVA6LCNDNG.wav,pickles
WVANTWEMAO.wav,jelly
WX7SRS49OZ.wav,carrots
WXZXZY9E2T.wav,drinks
WYN5520QF9.wav,drinks
X0DKYUOZUI.wav,salmon
X0FYCRM7Y7.wav,carrots
X15DMYXQVW.wav,carrots
X20NYO3O2A.wav,ice-cream
X2FWBLMJV0.wav,ice-cream
X2WD0ZKQ3D.wav,ribs
X47NY2UNHN.wav,burger
X493HQGJ03.wav,cabbage
X4O5XED1HU.wav,pickles
X51S5YTEHH.wav,pickles
X52DMT9I36.wav,carrots
X57L96SFUJ.wav,carrots
X6LNKIX48V.wav,salmon
X7PGJMJZY8.wav,ribs
X8DK9CGHDY.wav,chocolate
X8Y6WCS5Q9.wav,gummies
X98TPQC8W9.wav,jelly
X9CLEWTSGM.wav,pickles
XAHOOC3JWM.wav,burger
XAUFL5QHZI.wav,gummies
XB5OUCZY54.wav,carrots
XBX74K4YH7.wav,fries
XCA48CRSP3.wav,drinks
XCNTCWJ7BL.wav,ice-cream
XDYUG8HE11.wav,gummies
XE08IUG6HO.wav,jelly
XE56W5C6E1.wav,fries
XETZKEFK99.wav,chocolate
XF65F0WHGO.wav,chips
XFBDD3F6GD.wav,cabbage
XFQ10I3K15.wav,chips
XGHOMHWKNZ.wav,carrots
XGHXFYWLL4.wav,grapes
XH8R6VED6S.wav,pizza
XHZ6T1IF0Q.wav,pickles
XIG0X0R7KY.wav,noodles
XJIP8OFHPY.wav,drinks
XJREDA88LP.wav,aloe
XK4EG7TB9C.wav,fries
XK9QK7TQJB.wav,carrots
XLMV7C3N8L.wav,pickles
XLNB0U4RWY.wav,wings
XLY3AT27C3.wav,chocolate
XLYH3AEVNF.wav,chips
XMIM5GZDSW.wav,candied_fruits
XMJOHU5YYP.wav,burger
XMV5G27JBI.wav,candied_fruits
XNL8BOR8XG.wav,chips
XNM5D06C2W.wav,wings
XOOP5TN3IK.wav,fries
XP61S6PLK1.wav,chips
XPOWU23CP8.wav,pickles
XQ4T47U7K9.wav,wings
XQ5N9EA0PF.wav,burger
XQ9DVU1HVU.wav,carrots
XR4RDDL0EQ.wav,candied_fruits
XU63D4NPLJ.wav,ice-cream
XU9QIWTZJO.wav,pizza
XUKGUCF38A.wav,burger
XV8APMAYPK.wav,grapes
XVAZ9D7GWU.wav,drinks
XWGA40ST9K.wav,chips
XY4DZ1TAWP.wav,chocolate
XY75FL74T0.wav,gummies
XY8D5FPTLW.wav,ice-cream
XZ7MTITS3M.wav,noodles
XZST29LQDV.wav,carrots
XZTM2F1A03.wav,jelly
Y0993F9CJB.wav,candied_fruits
Y0UH4FXATF.wav,burger
Y33J8KAVYU.wav,aloe
Y3IFA63ZYE.wav,grapes
Y473C3G1BJ.wav,carrots
Y4E48KMHB8.wav,pizza
Y5EKAD2XUP.wav,jelly
Y5GVISPLI1.wav,chips
Y5P71DZUIN.wav,ribs
Y5V15PX3SL.wav,jelly
Y5XL8E3Z4A.wav,candied_fruits
Y7P8APKAS1.wav,pizza
Y9W8E85MWG.wav,jelly
YA2WOJVZ3L.wav,chocolate
YANR6Z3KYM.wav,burger
YBEHQRMH4J.wav,fries
YCM77K4LW2.wav,candied_fruits
YCMJM2KYDN.wav,chips
YEUN3O93L5.wav,pickles
YEV9E1QPU4.wav,chips
YFUXJVWSOM.wav,candied_fruits
YG30RUDA7E.wav,salmon
YHPOY5GSWW.wav,pizza
YIP5XTX9RV.wav,noodles
YK8ARFIMIC.wav,chips
YKYSPFTLWB.wav,ribs
YL0I8ZLED3.wav,pizza
YNG5FELFJ6.wav,ribs
YO8KRUYN37.wav,gummies
YODQOEE5PL.wav,burger
YP4YD1SWTF.wav,grapes
YPJD1Q85S0.wav,ribs
YQCC9VVWDJ.wav,pickles
YQGUQBZ3UO.wav,burger
YRQZY8KI94.wav,fries
YRRZ9NPFU7.wav,ice-cream
YSW6AZOK5Z.wav,gummies
YSZ03BQTGI.wav,burger
YTMQOSDAB5.wav,pizza
YU1J0ON611.wav,ice-cream
YU5SKX97U9.wav,gummies
YURS9AUP69.wav,pickles
YX5PPIURFJ.wav,cabbage
YXHUY8F16E.wav,candied_fruits
YXNEN244NC.wav,grapes
YY2A1POE13.wav,soup
YY4ZVO1UEV.wav,pickles
YZJ0JCBRKJ.wav,soup
YZO1FTJL0N.wav,pickles
Z05DBGEBJN.wav,noodles
Z0J8N858MH.wav,ice-cream
Z0TVRX5RWI.wav,pickles
Z17CARYBH7.wav,noodles
Z2MO6NQLBE.wav,grapes
Z2WVHYOAAN.wav,fries
Z57DJDSJMU.wav,ice-cream
Z5EWWZ0Q4W.wav,pizza
Z5JNUBRV8C.wav,pizza
Z6NOT5G6JL.wav,chips
Z86Z66BQXD.wav,jelly
Z9JMOEXX30.wav,gummies
ZAT1B9X7LV.wav,carrots
ZB42PQYD5U.wav,pickles
ZBPQMPKCG6.wav,soup
ZCS1GIP8YC.wav,pickles
ZD2UOA7ZWX.wav,salmon
ZDORC3T6EY.wav,salmon
ZE1480VT0C.wav,soup
ZFK5R8NDHU.wav,burger
ZFWVVAZS84.wav,aloe
ZFXC5PX6CH.wav,ribs
ZFYCVTU4OG.wav,aloe
ZHGRR9DEIJ.wav,pizza
ZI0XK3WD86.wav,chips
ZII0VE6PWL.wav,wings
ZIQ3XT39NL.wav,fries
ZIXEW210SO.wav,ice-cream
ZJ8L086617.wav,aloe
ZJN9ECGK1K.wav,fries
ZK880R19PB.wav,salmon
ZLRR9N19SI.wav,carrots
ZLUBIRT38X.wav,candied_fruits
ZMLRNLTX69.wav,chips
ZN1L8O7JAC.wav,soup
ZNW2H8T4VE.wav,salmon
ZO3SZVM4QY.wav,carrots
ZPLVWY87UQ.wav,pizza
ZQSAU7YLRY.wav,carrots
ZTY44KFYKV.wav,pizza
ZU9NTYY07M.wav,soup
ZWEP9WYH0R.wav,grapes
ZWR7J8JVA2.wav,wings
ZX1FBLF0A8.wav,fries
ZX4KHUAFA5.wav,pickles
ZY1V6UO1N6.wav,ice-cream
ZYM3K3UCT4.wav,wings
ZZDTB4010Y.wav,candied_fruits
ZZHG037HIX.wav,gummies
